CID;NAME;COUNTRY;INDUSTRY;SECTOR;REQUIREMENTS;PREFERENCES
ORG0000011;Airbus;France;Aircraft Manufacturing;Aerospace & Defense;Export-friendly tax policies, Private sector partnerships, Long-term procurement cycles;Long-term procurement cycles, Advanced aerospace R&D, Private sector partnerships
ORG0000012;Boeing;United States;Aircraft Manufacturing;Aerospace & Defense;Stable government funding, Long-term procurement cycles, Advanced aerospace R&D;Defense offset agreements, Stable government funding, Advanced aerospace R&D
ORG0000013;Bombardier Aerospace;Canada;Aircraft Manufacturing;Aerospace & Defense;Defense offset agreements, Private sector partnerships, Export-friendly tax policies;Private sector partnerships, Advanced aerospace R&D, Stable government funding
ORG0000014;Embraer;Brazil;Aircraft Manufacturing;Aerospace & Defense;Private sector partnerships, Long-term procurement cycles, Stable government funding;Stable government funding, Private sector partnerships, Defense offset agreements
ORG0000015;BAE Systems;United Kingdom;Defense Contractors;Aerospace & Defense;Private sector partnerships, Advanced aerospace R&D, Export-friendly tax policies;Private sector partnerships, Advanced aerospace R&D, Stable government funding
ORG0000016;General Dynamics;United States;Defense Contractors;Aerospace & Defense;Export-friendly tax policies, Defense offset agreements, Private sector partnerships;Long-term procurement cycles, Advanced aerospace R&D, Private sector partnerships
ORG0000017;Lockheed Martin;United States;Defense Contractors;Aerospace & Defense;Stable government funding, Private sector partnerships, Export-friendly tax policies;Export-friendly tax policies, Private sector partnerships, Advanced aerospace R&D
ORG0000018;Northrop Grumman;United States;Defense Contractors;Aerospace & Defense;Defense offset agreements, Export-friendly tax policies, Private sector partnerships;Private sector partnerships, Long-term procurement cycles, Export-friendly tax policies
ORG0000019;Leonardo S.p.A.;Italy;Military Systems;Aerospace & Defense;Private sector partnerships, Long-term procurement cycles, Defense offset agreements;Private sector partnerships, Stable government funding, Advanced aerospace R&D
ORG0000020;Raytheon Technologies;United States;Military Systems;Aerospace & Defense;Private sector partnerships, Export-friendly tax policies, Stable government funding;Defense offset agreements, Private sector partnerships, Advanced aerospace R&D
ORG0000021;Saab AB;Sweden;Military Systems;Aerospace & Defense;Defense offset agreements, Long-term procurement cycles, Export-friendly tax policies;Private sector partnerships, Long-term procurement cycles, Export-friendly tax policies
ORG0000022;Thales Group;France;Military Systems;Aerospace & Defense;Private sector partnerships, Stable government funding, Long-term procurement cycles;Export-friendly tax policies, Defense offset agreements, Stable government funding
ORG0000023;Blue Origin;United States;Space Exploration;Aerospace & Defense;Defense offset agreements, Long-term procurement cycles, Advanced aerospace R&D;Advanced aerospace R&D, Long-term procurement cycles, Export-friendly tax policies
ORG0000024;Northrop Grumman;United States;Space Exploration;Aerospace & Defense;Long-term procurement cycles, Export-friendly tax policies, Stable government funding;Stable government funding, Defense offset agreements, Advanced aerospace R&D
ORG0000025;SpaceX;United States;Space Exploration;Aerospace & Defense;Advanced aerospace R&D, Defense offset agreements, Export-friendly tax policies;Advanced aerospace R&D, Private sector partnerships, Defense offset agreements
ORG0000026;United Launch Alliance;United States;Space Exploration;Aerospace & Defense;Defense offset agreements, Private sector partnerships, Stable government funding;Advanced aerospace R&D, Long-term procurement cycles, Export-friendly tax policies
ORG0000027;ADM (Archer Daniels Midland);United States;Agribusiness;Agriculture;Agri-fintech adoption, Farmer co-op funding, Climate-smart farming models;Farmer co-op funding, Organic farming incentives, High-yield seed research
ORG0000028;Bunge Limited;United States;Agribusiness;Agriculture;Climate-smart farming models, Efficient water usage funds, High-yield seed research;High-yield seed research, Climate-smart farming models, Efficient water usage funds
ORG0000029;Cargill;United States;Agribusiness;Agriculture;Climate-smart farming models, High-yield seed research, Efficient water usage funds;Agri-fintech adoption, Organic farming incentives, High-yield seed research
ORG0000030;Nutrien Ag Solutions;Canada;Agribusiness;Agriculture;Organic farming incentives, Agri-fintech adoption, Efficient water usage funds;Efficient water usage funds, Climate-smart farming models, High-yield seed research
ORG0000031;Ag Leader Technology;United States;Precision Agriculture;Agriculture;Efficient water usage funds, Climate-smart farming models, Farmer co-op funding;Efficient water usage funds, Agri-fintech adoption, High-yield seed research
ORG0000032;AgJunction, Inc.;Canada;Precision Agriculture;Agriculture;High-yield seed research, Farmer co-op funding, Organic farming incentives;Agri-fintech adoption, Organic farming incentives, Farmer co-op funding
ORG0000033;Deere & Company;United States;Precision Agriculture;Agriculture;High-yield seed research, Climate-smart farming models, Agri-fintech adoption;Agri-fintech adoption, High-yield seed research, Farmer co-op funding
ORG0000034;Trimble Inc.;United States;Precision Agriculture;Agriculture;Efficient water usage funds, Organic farming incentives, Agri-fintech adoption;Agri-fintech adoption, High-yield seed research, Farmer co-op funding
ORG0000035;BASF SE;Germany;Agrochemicals;Agriculture;Organic farming incentives, Climate-smart farming models, Farmer co-op funding;Farmer co-op funding, High-yield seed research, Efficient water usage funds
ORG0000036;Bayer CropScience;Germany;Agrochemicals;Agriculture;Climate-smart farming models, High-yield seed research, Efficient water usage funds;Agri-fintech adoption, Climate-smart farming models, Farmer co-op funding
ORG0000037;Corteva Agriscience;United States;Agrochemicals;Agriculture;Climate-smart farming models, High-yield seed research, Agri-fintech adoption;Farmer co-op funding, Agri-fintech adoption, Efficient water usage funds
ORG0000038;Syngenta AG;Switzerland;Agrochemicals;Agriculture;Farmer co-op funding, Efficient water usage funds, High-yield seed research;Efficient water usage funds, High-yield seed research, Climate-smart farming models
ORG0000039;Bayer CropScience;Germany;Seed & Fertilizer;Agriculture;Farmer co-op funding, Efficient water usage funds, High-yield seed research;Agri-fintech adoption, High-yield seed research, Organic farming incentives
ORG0000040;Corteva Agriscience;United States;Seed & Fertilizer;Agriculture;Agri-fintech adoption, Farmer co-op funding, Climate-smart farming models;Agri-fintech adoption, Organic farming incentives, Farmer co-op funding
ORG0000041;Nutrien Ltd.;Canada;Seed & Fertilizer;Agriculture;Agri-fintech adoption, High-yield seed research, Organic farming incentives;Agri-fintech adoption, Efficient water usage funds, Farmer co-op funding
ORG0000042;Syngenta AG;Switzerland;Seed & Fertilizer;Agriculture;Agri-fintech adoption, High-yield seed research, Efficient water usage funds;Agri-fintech adoption, Organic farming incentives, Farmer co-op funding
ORG0000043;BYD Auto;China;Automakers;Automotive;Flexible EV charging options, Mass transit electrification, Lightweight material R&D;Battery swapping networks, AI-based vehicle safety funds, Lightweight material R&D
ORG0000044;Ford Motor Company;United States;Automakers;Automotive;Mass transit electrification, Lightweight material R&D, AI-based vehicle safety funds;Self-driving regulations, Battery swapping networks, AI-based vehicle safety funds
ORG0000045;Tesla, Inc.;United States;Automakers;Automotive;Battery swapping networks, Mass transit electrification, Flexible EV charging options;Lightweight material R&D, Flexible EV charging options, Mass transit electrification
ORG0000046;Volkswagen Group;Germany;Automakers;Automotive;Flexible EV charging options, Battery swapping networks, AI-based vehicle safety funds;Flexible EV charging options, AI-based vehicle safety funds, Battery swapping networks
ORG0000047;BYD Auto;China;Electric Vehicles;Automotive;Mass transit electrification, Battery swapping networks, Lightweight material R&D;Mass transit electrification, AI-based vehicle safety funds, Self-driving regulations
ORG0000048;Hyundai Motor Company;South Korea;Electric Vehicles;Automotive;Flexible EV charging options, Lightweight material R&D, AI-based vehicle safety funds;AI-based vehicle safety funds, Lightweight material R&D, Self-driving regulations
ORG0000049;Tesla, Inc.;United States;Electric Vehicles;Automotive;AI-based vehicle safety funds, Self-driving regulations, Mass transit electrification;Self-driving regulations, Flexible EV charging options, AI-based vehicle safety funds
ORG0000050;Volkswagen Group;Germany;Electric Vehicles;Automotive;Battery swapping networks, AI-based vehicle safety funds, Self-driving regulations;Self-driving regulations, Mass transit electrification, Flexible EV charging options
ORG0000051;Bosch;Germany;Auto Parts & Suppliers;Automotive;Self-driving regulations, Mass transit electrification, AI-based vehicle safety funds;AI-based vehicle safety funds, Flexible EV charging options, Battery swapping networks
ORG0000052;Continental AG;Germany;Auto Parts & Suppliers;Automotive;Lightweight material R&D, Mass transit electrification, Battery swapping networks;Flexible EV charging options, Battery swapping networks, AI-based vehicle safety funds
ORG0000053;DENSO Corporation;Japan;Auto Parts & Suppliers;Automotive;Battery swapping networks, Mass transit electrification, Self-driving regulations;Self-driving regulations, Mass transit electrification, Battery swapping networks
ORG0000054;Magna International;Canada;Auto Parts & Suppliers;Automotive;Flexible EV charging options, Mass transit electrification, AI-based vehicle safety funds;AI-based vehicle safety funds, Mass transit electrification, Self-driving regulations
ORG0000055;Didi Chuxing;China;Mobility Services;Automotive;Self-driving regulations, AI-based vehicle safety funds, Battery swapping networks;Battery swapping networks, Flexible EV charging options, Self-driving regulations
ORG0000056;Lyft, Inc.;United States;Mobility Services;Automotive;Lightweight material R&D, Battery swapping networks, AI-based vehicle safety funds;AI-based vehicle safety funds, Self-driving regulations, Flexible EV charging options
ORG0000057;Uber Technologies, Inc.;United States;Mobility Services;Automotive;Battery swapping networks, Lightweight material R&D, Mass transit electrification;Lightweight material R&D, Flexible EV charging options, Self-driving regulations
ORG0000058;Waymo LLC;United States;Mobility Services;Automotive;Self-driving regulations, Flexible EV charging options, Mass transit electrification;AI-based vehicle safety funds, Lightweight material R&D, Battery swapping networks
ORG0000059;Amgen Inc.;United States;Biopharmaceuticals;Biotechnology;AI-powered drug testing, Bioinformatics expansion, Global disease prevention funds;Global disease prevention funds, Bioinformatics expansion, Regenerative medicine support
ORG0000060;Biogen Inc.;United States;Biopharmaceuticals;Biotechnology;Affordable gene therapies, Bioinformatics expansion, Global disease prevention funds;Regenerative medicine support, Biotech patent fast-tracking, Bioinformatics expansion
ORG0000061;Gilead Sciences;United States;Biopharmaceuticals;Biotechnology;Global disease prevention funds, AI-powered drug testing, Regenerative medicine support;Regenerative medicine support, Biotech patent fast-tracking, Affordable gene therapies
ORG0000062;Novo Nordisk A/S;Denmark;Biopharmaceuticals;Biotechnology;Biotech patent fast-tracking, Global disease prevention funds, Regenerative medicine support;Bioinformatics expansion, Regenerative medicine support, AI-powered drug testing
ORG0000063;23andMe Holding Co.;United States;Genomics;Biotechnology;Global disease prevention funds, Biotech patent fast-tracking, Bioinformatics expansion;Bioinformatics expansion, Biotech patent fast-tracking, Regenerative medicine support
ORG0000064;Illumina, Inc.;United States;Genomics;Biotechnology;AI-powered drug testing, Affordable gene therapies, Regenerative medicine support;AI-powered drug testing, Bioinformatics expansion, Affordable gene therapies
ORG0000065;Oxford Nanopore Technologies;United Kingdom;Genomics;Biotechnology;AI-powered drug testing, Biotech patent fast-tracking, Regenerative medicine support;Bioinformatics expansion, Affordable gene therapies, AI-powered drug testing
ORG0000066;Pacific Biosciences of California, Inc.;United States;Genomics;Biotechnology;AI-powered drug testing, Regenerative medicine support, Biotech patent fast-tracking;Global disease prevention funds, Regenerative medicine support, Bioinformatics expansion
ORG0000067;CRISPR Therapeutics AG;Switzerland;Medical Biotech;Biotechnology;Affordable gene therapies, Biotech patent fast-tracking, Bioinformatics expansion;AI-powered drug testing, Bioinformatics expansion, Regenerative medicine support
ORG0000068;Moderna, Inc.;United States;Medical Biotech;Biotechnology;AI-powered drug testing, Bioinformatics expansion, Global disease prevention funds;AI-powered drug testing, Regenerative medicine support, Biotech patent fast-tracking
ORG0000069;Regeneron Pharmaceuticals, Inc.;United States;Medical Biotech;Biotechnology;Affordable gene therapies, Global disease prevention funds, Bioinformatics expansion;AI-powered drug testing, Bioinformatics expansion, Global disease prevention funds
ORG0000070;Vertex Pharmaceuticals Incorporated;United States;Medical Biotech;Biotechnology;Biotech patent fast-tracking, Global disease prevention funds, Affordable gene therapies;Global disease prevention funds, Biotech patent fast-tracking, Affordable gene therapies
ORG0000071;Ginkgo Bioworks Holdings, Inc.;United States;Synthetic Biology;Biotechnology;Biotech patent fast-tracking, Global disease prevention funds, AI-powered drug testing;Biotech patent fast-tracking, Regenerative medicine support, Global disease prevention funds
ORG0000072;Inscripta, Inc.;United States;Synthetic Biology;Biotechnology;Regenerative medicine support, Affordable gene therapies, Bioinformatics expansion;Biotech patent fast-tracking, AI-powered drug testing, Regenerative medicine support
ORG0000073;Synthego Corporation;United States;Synthetic Biology;Biotechnology;Affordable gene therapies, Biotech patent fast-tracking, AI-powered drug testing;AI-powered drug testing, Affordable gene therapies, Global disease prevention funds
ORG0000074;Zymergen Inc.;United States;Synthetic Biology;Biotechnology;Bioinformatics expansion, AI-powered drug testing, Global disease prevention funds;AI-powered drug testing, Affordable gene therapies, Biotech patent fast-tracking
ORG0000075;BASF SE;Germany;Agrochemicals;Chemicals;Water purification tech investment, Bio-based chemical subsidies, Non-toxic alternatives R&D;Plastic waste reduction, Energy-efficient production, Non-toxic alternatives R&D
ORG0000076;BASF SE;Germany;Industrial Chemicals;Chemicals;Plastic waste reduction, Air pollution control funds, Bio-based chemical subsidies;Air pollution control funds, Bio-based chemical subsidies, Energy-efficient production
ORG0000077;BASF SE;Germany;Petrochemicals;Chemicals;Non-toxic alternatives R&D, Bio-based chemical subsidies, Energy-efficient production;Energy-efficient production, Bio-based chemical subsidies, Water purification tech investment
ORG0000078;BASF SE;Germany;Specialty Chemicals;Chemicals;Air pollution control funds, Water purification tech investment, Non-toxic alternatives R&D;Bio-based chemical subsidies, Plastic waste reduction, Air pollution control funds
ORG0000079;Dow Inc.;United States;Industrial Chemicals;Chemicals;Energy-efficient production, Bio-based chemical subsidies, Air pollution control funds;Energy-efficient production, Non-toxic alternatives R&D, Bio-based chemical subsidies
ORG0000080;Dow Inc.;United States;Petrochemicals;Chemicals;Plastic waste reduction, Air pollution control funds, Non-toxic alternatives R&D;Energy-efficient production, Plastic waste reduction, Bio-based chemical subsidies
ORG0000081;Dow Inc.;United States;Specialty Chemicals;Chemicals;Energy-efficient production, Air pollution control funds, Water purification tech investment;Bio-based chemical subsidies, Energy-efficient production, Air pollution control funds
ORG0000082;INEOS Group;United Kingdom;Industrial Chemicals;Chemicals;Air pollution control funds, Bio-based chemical subsidies, Non-toxic alternatives R&D;Energy-efficient production, Plastic waste reduction, Water purification tech investment
ORG0000083;INEOS Group;United Kingdom;Petrochemicals;Chemicals;Water purification tech investment, Non-toxic alternatives R&D, Plastic waste reduction;Energy-efficient production, Plastic waste reduction, Bio-based chemical subsidies
ORG0000084;INEOS Group;United Kingdom;Specialty Chemicals;Chemicals;Water purification tech investment, Air pollution control funds, Bio-based chemical subsidies;Water purification tech investment, Non-toxic alternatives R&D, Plastic waste reduction
ORG0000085;LG Chem;South Korea;Industrial Chemicals;Chemicals;Non-toxic alternatives R&D, Bio-based chemical subsidies, Water purification tech investment;Water purification tech investment, Non-toxic alternatives R&D, Air pollution control funds
ORG0000086;LG Chem;South Korea;Petrochemicals;Chemicals;Energy-efficient production, Bio-based chemical subsidies, Water purification tech investment;Water purification tech investment, Energy-efficient production, Non-toxic alternatives R&D
ORG0000087;LG Chem;South Korea;Specialty Chemicals;Chemicals;Air pollution control funds, Energy-efficient production, Water purification tech investment;Water purification tech investment, Air pollution control funds, Bio-based chemical subsidies
ORG0000088;SABIC;Saudi Arabia;Industrial Chemicals;Chemicals;Water purification tech investment, Bio-based chemical subsidies, Air pollution control funds;Bio-based chemical subsidies, Plastic waste reduction, Energy-efficient production
ORG0000089;SABIC;Saudi Arabia;Petrochemicals;Chemicals;Bio-based chemical subsidies, Plastic waste reduction, Water purification tech investment;Plastic waste reduction, Air pollution control funds, Non-toxic alternatives R&D
ORG0000090;SABIC;Saudi Arabia;Specialty Chemicals;Chemicals;Water purification tech investment, Air pollution control funds, Energy-efficient production;Bio-based chemical subsidies, Plastic waste reduction, Water purification tech investment
ORG0000091;Bechtel Corporation;United States;Civil Engineering;Construction;Seismic-resistant designs, Energy-neutral housing, AI-based construction planning;Smart city development, Energy-neutral housing, Zero-waste construction goals
ORG0000092;Bechtel Corporation;United States;Commercial Construction;Construction;3D-printed building projects, Zero-waste construction goals, AI-based construction planning;Zero-waste construction goals, Seismic-resistant designs, Smart city development
ORG0000093;Bechtel Corporation;United States;Infrastructure Projects;Construction;AI-based construction planning, Seismic-resistant designs, Zero-waste construction goals;Zero-waste construction goals, 3D-printed building projects, Seismic-resistant designs
ORG0000094;Bechtel Corporation;United States;Residential Construction;Construction;Energy-neutral housing, 3D-printed building projects, Seismic-resistant designs;Seismic-resistant designs, Zero-waste construction goals, 3D-printed building projects
ORG0000095;Grupo ACS;Spain;Civil Engineering;Construction;Smart city development, 3D-printed building projects, Energy-neutral housing;Zero-waste construction goals, Seismic-resistant designs, 3D-printed building projects
ORG0000096;Grupo ACS;Spain;Commercial Construction;Construction;AI-based construction planning, Seismic-resistant designs, 3D-printed building projects;Smart city development, Seismic-resistant designs, AI-based construction planning
ORG0000097;Grupo ACS;Spain;Infrastructure Projects;Construction;Seismic-resistant designs, Smart city development, AI-based construction planning;AI-based construction planning, Seismic-resistant designs, 3D-printed building projects
ORG0000098;Grupo ACS;Spain;Residential Construction;Construction;Seismic-resistant designs, Energy-neutral housing, AI-based construction planning;Smart city development, 3D-printed building projects, Zero-waste construction goals
ORG0000099;VINCI;France;Civil Engineering;Construction;Energy-neutral housing, Smart city development, AI-based construction planning;Energy-neutral housing, Smart city development, 3D-printed building projects
ORG0000100;VINCI;France;Commercial Construction;Construction;Energy-neutral housing, AI-based construction planning, 3D-printed building projects;Smart city development, Seismic-resistant designs, Zero-waste construction goals
ORG0000101;VINCI;France;Infrastructure Projects;Construction;AI-based construction planning, Smart city development, Zero-waste construction goals;3D-printed building projects, Smart city development, Zero-waste construction goals
ORG0000102;VINCI;France;Residential Construction;Construction;Seismic-resistant designs, Energy-neutral housing, AI-based construction planning;Energy-neutral housing, AI-based construction planning, Seismic-resistant designs
ORG0000103;Skanska;Sweden;Civil Engineering;Construction;Seismic-resistant designs, 3D-printed building projects, AI-based construction planning;Energy-neutral housing, Zero-waste construction goals, 3D-printed building projects
ORG0000104;Skanska;Sweden;Commercial Construction;Construction;3D-printed building projects, Zero-waste construction goals, Energy-neutral housing;Energy-neutral housing, Zero-waste construction goals, Seismic-resistant designs
ORG0000105;Skanska;Sweden;Infrastructure Projects;Construction;Zero-waste construction goals, 3D-printed building projects, AI-based construction planning;Zero-waste construction goals, Smart city development, Energy-neutral housing
ORG0000106;Skanska;Sweden;Residential Construction;Construction;Zero-waste construction goals, AI-based construction planning, Smart city development;3D-printed building projects, Smart city development, Seismic-resistant designs
ORG0000107;Chanel;France;Luxury Goods;Consumer Goods;Zero-waste retail programs, Biodegradable material R&D, Ethical consumerism trends;AI-driven product recommendations, Minimalist packaging initiatives, Custom manufacturing scaling
ORG0000108;Estée Lauder Companies;United States;Personal Care Products;Consumer Goods;AI-driven product recommendations, Minimalist packaging initiatives, Zero-waste retail programs;AI-driven product recommendations, Ethical consumerism trends, Minimalist packaging initiatives
ORG0000109;Hermès International;France;Luxury Goods;Consumer Goods;Biodegradable material R&D, Ethical consumerism trends, AI-driven product recommendations;Minimalist packaging initiatives, Custom manufacturing scaling, Zero-waste retail programs
ORG0000110;L'Oréal;France;Personal Care Products;Consumer Goods;Custom manufacturing scaling, Ethical consumerism trends, AI-driven product recommendations;AI-driven product recommendations, Zero-waste retail programs, Ethical consumerism trends
ORG0000111;LVMH Moët Hennessy Louis Vuitton;France;Luxury Goods;Consumer Goods;AI-driven product recommendations, Ethical consumerism trends, Biodegradable material R&D;Custom manufacturing scaling, Ethical consumerism trends, Biodegradable material R&D
ORG0000112;Nestlé;Switzerland;Packaged Goods;Consumer Goods;AI-driven product recommendations, Ethical consumerism trends, Custom manufacturing scaling;Zero-waste retail programs, Minimalist packaging initiatives, AI-driven product recommendations
ORG0000113;Nike, Inc.;United States;Apparel & Footwear;Consumer Goods;Zero-waste retail programs, Ethical consumerism trends, AI-driven product recommendations;Custom manufacturing scaling, Biodegradable material R&D, Minimalist packaging initiatives
ORG0000114;Procter & Gamble;United States;Personal Care Products;Consumer Goods;Ethical consumerism trends, Biodegradable material R&D, Custom manufacturing scaling;Biodegradable material R&D, AI-driven product recommendations, Ethical consumerism trends
ORG0000115;Ralph Lauren Corporation;United States;Apparel & Footwear;Consumer Goods;Ethical consumerism trends, Biodegradable material R&D, AI-driven product recommendations;Minimalist packaging initiatives, AI-driven product recommendations, Ethical consumerism trends
ORG0000116;Reckitt Benckiser Group;United Kingdom;Packaged Goods;Consumer Goods;Ethical consumerism trends, Minimalist packaging initiatives, AI-driven product recommendations;Custom manufacturing scaling, Biodegradable material R&D, Ethical consumerism trends
ORG0000117;Richemont;Switzerland;Luxury Goods;Consumer Goods;Biodegradable material R&D, Zero-waste retail programs, Minimalist packaging initiatives;AI-driven product recommendations, Custom manufacturing scaling, Minimalist packaging initiatives
ORG0000118;The Coca-Cola Company;United States;Packaged Goods;Consumer Goods;Biodegradable material R&D, Ethical consumerism trends, Zero-waste retail programs;AI-driven product recommendations, Ethical consumerism trends, Zero-waste retail programs
ORG0000119;The Kraft Heinz Company;United States;Packaged Goods;Consumer Goods;AI-driven product recommendations, Custom manufacturing scaling, Minimalist packaging initiatives;AI-driven product recommendations, Biodegradable material R&D, Ethical consumerism trends
ORG0000120;Unilever;United Kingdom;Packaged Goods;Consumer Goods;Ethical consumerism trends, Custom manufacturing scaling, Minimalist packaging initiatives;Zero-waste retail programs, Custom manufacturing scaling, Minimalist packaging initiatives
ORG0000121;VF Corporation;United States;Apparel & Footwear;Consumer Goods;Biodegradable material R&D, AI-driven product recommendations, Zero-waste retail programs;Ethical consumerism trends, AI-driven product recommendations, Zero-waste retail programs
ORG0000122;Walmart Inc.;United States;Packaged Goods;Consumer Goods;Minimalist packaging initiatives, AI-driven product recommendations, Biodegradable material R&D;Ethical consumerism trends, Zero-waste retail programs, Biodegradable material R&D
ORG0000123;Coursera;United States;Online Education;Education;Coding & STEM funding, Adaptive curriculum financing, Gamification in learning;Adaptive curriculum financing, VR-based training modules, Coding & STEM funding
ORG0000124;edX;United States;Online Education;Education;VR-based training modules, AI tutors for personalization, Coding & STEM funding;VR-based training modules, Lifelong learning initiatives, Coding & STEM funding
ORG0000125;Khan Academy;United States;Online Education;Education;Gamification in learning, Lifelong learning initiatives, AI tutors for personalization;Adaptive curriculum financing, Gamification in learning, AI tutors for personalization
ORG0000126;Udemy;United States;Online Education;Education;Coding & STEM funding, Lifelong learning initiatives, Adaptive curriculum financing;Adaptive curriculum financing, VR-based training modules, AI tutors for personalization
ORG0000127;Harvard University;United States;Higher Education;Education;AI tutors for personalization, VR-based training modules, Lifelong learning initiatives;AI tutors for personalization, Coding & STEM funding, Gamification in learning
ORG0000128;Massachusetts Institute of Technology (MIT);United States;Higher Education;Education;Coding & STEM funding, Gamification in learning, Lifelong learning initiatives;VR-based training modules, Gamification in learning, Adaptive curriculum financing
ORG0000129;Stanford University;United States;Higher Education;Education;VR-based training modules, Adaptive curriculum financing, AI tutors for personalization;AI tutors for personalization, Gamification in learning, Coding & STEM funding
ORG0000130;University of Oxford;United Kingdom;Higher Education;Education;Gamification in learning, AI tutors for personalization, Lifelong learning initiatives;VR-based training modules, Adaptive curriculum financing, AI tutors for personalization
ORG0000131;KIPP Foundation;United States;K-12 Schools;Education;VR-based training modules, Coding & STEM funding, Gamification in learning;VR-based training modules, Adaptive curriculum financing, Lifelong learning initiatives
ORG0000132;Success Academy Charter Schools;United States;K-12 Schools;Education;Adaptive curriculum financing, AI tutors for personalization, Coding & STEM funding;Gamification in learning, Adaptive curriculum financing, AI tutors for personalization
ORG0000133;Uncommon Schools;United States;K-12 Schools;Education;Gamification in learning, VR-based training modules, Lifelong learning initiatives;Coding & STEM funding, Lifelong learning initiatives, Gamification in learning
ORG0000134;YES Prep Public Schools;United States;K-12 Schools;Education;VR-based training modules, Coding & STEM funding, AI tutors for personalization;Adaptive curriculum financing, VR-based training modules, Coding & STEM funding
ORG0000135;General Assembly;United States;Workforce Training;Education;Gamification in learning, Lifelong learning initiatives, Coding & STEM funding;AI tutors for personalization, Gamification in learning, VR-based training modules
ORG0000136;LinkedIn Learning;United States;Workforce Training;Education;Gamification in learning, Coding & STEM funding, Lifelong learning initiatives;VR-based training modules, AI tutors for personalization, Gamification in learning
ORG0000137;Pluralsight;United States;Workforce Training;Education;AI tutors for personalization, VR-based training modules, Adaptive curriculum financing;AI tutors for personalization, Gamification in learning, Coding & STEM funding
ORG0000138;Skillsoft;United States;Workforce Training;Education;Coding & STEM funding, Lifelong learning initiatives, Gamification in learning;Lifelong learning initiatives, AI tutors for personalization, Coding & STEM funding
ORG0000139;BP plc;United Kingdom;Oil & Gas;Energy;Transparent carbon pricing, Hydrogen fuel scaling, AI-driven energy demand modeling;Tidal & wave energy funds, Transparent carbon pricing, Hydrogen fuel scaling
ORG0000140;Chevron Corporation;United States;Oil & Gas;Energy;Off-grid renewable solutions, Tidal & wave energy funds, Hydrogen fuel scaling;Tidal & wave energy funds, Off-grid renewable solutions, Transparent carbon pricing
ORG0000141;ExxonMobil Corporation;United States;Oil & Gas;Energy;Transparent carbon pricing, AI-driven energy demand modeling, Hydrogen fuel scaling;AI-driven energy demand modeling, Hydrogen fuel scaling, Tidal & wave energy funds
ORG0000142;Royal Dutch Shell plc;Netherlands;Oil & Gas;Energy;Nuclear fusion research, Transparent carbon pricing, AI-driven energy demand modeling;Transparent carbon pricing, Off-grid renewable solutions, Hydrogen fuel scaling
ORG0000143;Duke Energy Corporation;United States;Electric Power;Energy;Hydrogen fuel scaling, AI-driven energy demand modeling, Transparent carbon pricing;Transparent carbon pricing, Tidal & wave energy funds, Nuclear fusion research
ORG0000144;Électricité de France S.A. (EDF);France;Electric Power;Energy;Off-grid renewable solutions, Hydrogen fuel scaling, Nuclear fusion research;AI-driven energy demand modeling, Off-grid renewable solutions, Hydrogen fuel scaling
ORG0000145;NextEra Energy, Inc.;United States;Electric Power;Energy;AI-driven energy demand modeling, Hydrogen fuel scaling, Off-grid renewable solutions;Off-grid renewable solutions, Nuclear fusion research, AI-driven energy demand modeling
ORG0000146;The Southern Company;United States;Electric Power;Energy;Transparent carbon pricing, Hydrogen fuel scaling, Tidal & wave energy funds;Nuclear fusion research, AI-driven energy demand modeling, Hydrogen fuel scaling
ORG0000147;Enel S.p.A.;Italy;Renewable Energy;Energy;Hydrogen fuel scaling, Nuclear fusion research, Tidal & wave energy funds;AI-driven energy demand modeling, Transparent carbon pricing, Tidal & wave energy funds
ORG0000148;Iberdrola, S.A.;Spain;Renewable Energy;Energy;Transparent carbon pricing, Nuclear fusion research, AI-driven energy demand modeling;Off-grid renewable solutions, Transparent carbon pricing, AI-driven energy demand modeling
ORG0000149;NextEra Energy, Inc.;United States;Renewable Energy;Energy;AI-driven energy demand modeling, Hydrogen fuel scaling, Nuclear fusion research;Hydrogen fuel scaling, Tidal & wave energy funds, Transparent carbon pricing
ORG0000150;Ørsted A/S;Denmark;Renewable Energy;Energy;Off-grid renewable solutions, Nuclear fusion research, Transparent carbon pricing;Hydrogen fuel scaling, AI-driven energy demand modeling, Tidal & wave energy funds
ORG0000151;China National Nuclear Corporation (CNNC);China;Nuclear Energy;Energy;Nuclear fusion research, AI-driven energy demand modeling, Tidal & wave energy funds;Tidal & wave energy funds, Hydrogen fuel scaling, Transparent carbon pricing
ORG0000152;Électricité de France S.A. (EDF);France;Nuclear Energy;Energy;Hydrogen fuel scaling, AI-driven energy demand modeling, Off-grid renewable solutions;Hydrogen fuel scaling, Transparent carbon pricing, Off-grid renewable solutions
ORG0000153;Rosatom State Atomic Energy Corporation;Russia;Nuclear Energy;Energy;Transparent carbon pricing, Hydrogen fuel scaling, Tidal & wave energy funds;AI-driven energy demand modeling, Hydrogen fuel scaling, Off-grid renewable solutions
ORG0000154;Westinghouse Electric Company;United States;Nuclear Energy;Energy;Off-grid renewable solutions, AI-driven energy demand modeling, Nuclear fusion research;Tidal & wave energy funds, Transparent carbon pricing, Hydrogen fuel scaling
ORG0000155;Disney;United States;Film & TV;Entertainment;NFT-backed digital rights, Blockchain-based royalty tracking, Immersive VR storytelling;NFT-backed digital rights, AI-generated content investment, Blockchain-based royalty tracking
ORG0000156;NBCUniversal;United States;Film & TV;Entertainment;NFT-backed digital rights, Immersive VR storytelling, Subscription model diversity;Subscription model diversity, Blockchain-based royalty tracking, NFT-backed digital rights
ORG0000157;Sony Pictures Entertainment;United States;Film & TV;Entertainment;Subscription model diversity, Blockchain-based royalty tracking, Crowdfunded production platforms;Immersive VR storytelling, NFT-backed digital rights, Crowdfunded production platforms
ORG0000158;Warner Bros. Discovery;United States;Film & TV;Entertainment;Immersive VR storytelling, Blockchain-based royalty tracking, NFT-backed digital rights;Blockchain-based royalty tracking, NFT-backed digital rights, AI-generated content investment
ORG0000159;Sony Music Entertainment;United States;Music Industry;Entertainment;Blockchain-based royalty tracking, Crowdfunded production platforms, Subscription model diversity;AI-generated content investment, Immersive VR storytelling, Crowdfunded production platforms
ORG0000160;Universal Music Group;United States;Music Industry;Entertainment;Subscription model diversity, AI-generated content investment, Crowdfunded production platforms;AI-generated content investment, NFT-backed digital rights, Crowdfunded production platforms
ORG0000161;Warner Music Group;United States;Music Industry;Entertainment;Immersive VR storytelling, Subscription model diversity, Crowdfunded production platforms;NFT-backed digital rights, AI-generated content investment, Immersive VR storytelling
ORG0000162;Spotify;Sweden;Music Industry;Entertainment;AI-generated content investment, Blockchain-based royalty tracking, NFT-backed digital rights;Blockchain-based royalty tracking, Subscription model diversity, Immersive VR storytelling
ORG0000163;Electronic Arts;United States;Video Games;Entertainment;NFT-backed digital rights, Crowdfunded production platforms, Subscription model diversity;Crowdfunded production platforms, Blockchain-based royalty tracking, NFT-backed digital rights
ORG0000164;Nintendo;Japan;Video Games;Entertainment;NFT-backed digital rights, Immersive VR storytelling, AI-generated content investment;NFT-backed digital rights, Blockchain-based royalty tracking, Subscription model diversity
ORG0000165;Sony Interactive Entertainment;Japan;Video Games;Entertainment;AI-generated content investment, Blockchain-based royalty tracking, Immersive VR storytelling;Blockchain-based royalty tracking, Crowdfunded production platforms, NFT-backed digital rights
ORG0000166;Tencent Games;China;Video Games;Entertainment;NFT-backed digital rights, Blockchain-based royalty tracking, Crowdfunded production platforms;NFT-backed digital rights, Crowdfunded production platforms, Subscription model diversity
ORG0000167;Amazon Prime Video;United States;Streaming Services;Entertainment;Crowdfunded production platforms, Blockchain-based royalty tracking, Immersive VR storytelling;AI-generated content investment, Immersive VR storytelling, Blockchain-based royalty tracking
ORG0000168;Disney+;United States;Streaming Services;Entertainment;Subscription model diversity, AI-generated content investment, Blockchain-based royalty tracking;Crowdfunded production platforms, NFT-backed digital rights, Subscription model diversity
ORG0000169;Netflix;United States;Streaming Services;Entertainment;NFT-backed digital rights, Crowdfunded production platforms, Subscription model diversity;Blockchain-based royalty tracking, Crowdfunded production platforms, Immersive VR storytelling
ORG0000170;HBO Max;United States;Streaming Services;Entertainment;Blockchain-based royalty tracking, Subscription model diversity, AI-generated content investment;Immersive VR storytelling, Blockchain-based royalty tracking, AI-generated content investment
ORG0000171;Ant Group;China;FinTech;Financial Services;Green investment portfolios, Instant cross-border payments, Decentralized credit scoring;Instant cross-border payments, Green investment portfolios, Predictive risk analysis tools
ORG0000172;Bank of America;United States;Banking;Financial Services;AI-driven financial planning, Microfinance digital expansion, Instant cross-border payments;Instant cross-border payments, Green investment portfolios, Predictive risk analysis tools
ORG0000173;BlackRock;United States;Asset Management;Financial Services;Green investment portfolios, Instant cross-border payments, AI-driven financial planning;Microfinance digital expansion, Green investment portfolios, Predictive risk analysis tools
ORG0000174;Chime;United States;FinTech;Financial Services;AI-driven financial planning, Microfinance digital expansion, Green investment portfolios;Instant cross-border payments, Microfinance digital expansion, AI-driven financial planning
ORG0000175;Fidelity Investments;United States;Asset Management;Financial Services;Green investment portfolios, Predictive risk analysis tools, Decentralized credit scoring;Predictive risk analysis tools, Microfinance digital expansion, Decentralized credit scoring
ORG0000176;JPMorgan Chase & Co.;United States;Banking;Financial Services;Predictive risk analysis tools, AI-driven financial planning, Green investment portfolios;AI-driven financial planning, Green investment portfolios, Instant cross-border payments
ORG0000177;Ping An Insurance;China;Insurance;Financial Services;AI-driven financial planning, Predictive risk analysis tools, Microfinance digital expansion;Green investment portfolios, AI-driven financial planning, Microfinance digital expansion
ORG0000178;Prudential plc;United Kingdom;Insurance;Financial Services;AI-driven financial planning, Microfinance digital expansion, Instant cross-border payments;Green investment portfolios, Instant cross-border payments, Decentralized credit scoring
ORG0000179;Revolut;United Kingdom;FinTech;Financial Services;AI-driven financial planning, Decentralized credit scoring, Microfinance digital expansion;Instant cross-border payments, AI-driven financial planning, Green investment portfolios
ORG0000180;State Street Global Advisors;United States;Asset Management;Financial Services;AI-driven financial planning, Instant cross-border payments, Decentralized credit scoring;AI-driven financial planning, Instant cross-border payments, Decentralized credit scoring
ORG0000181;The Goldman Sachs Group, Inc.;United States;Banking;Financial Services;Predictive risk analysis tools, Instant cross-border payments, Microfinance digital expansion;Decentralized credit scoring, Predictive risk analysis tools, Microfinance digital expansion
ORG0000182;UnitedHealth Group;United States;Insurance;Financial Services;Microfinance digital expansion, Predictive risk analysis tools, AI-driven financial planning;Green investment portfolios, Predictive risk analysis tools, AI-driven financial planning
ORG0000183;Vanguard Group;United States;Asset Management;Financial Services;Green investment portfolios, Instant cross-border payments, Decentralized credit scoring;AI-driven financial planning, Green investment portfolios, Predictive risk analysis tools
ORG0000184;Visa Inc.;United States;FinTech;Financial Services;Decentralized credit scoring, Predictive risk analysis tools, Microfinance digital expansion;Predictive risk analysis tools, Instant cross-border payments, Decentralized credit scoring
ORG0000185;Wells Fargo & Company;United States;Banking;Financial Services;AI-driven financial planning, Instant cross-border payments, Microfinance digital expansion;Decentralized credit scoring, Instant cross-border payments, Green investment portfolios
ORG0000186;Zurich Insurance Group;Switzerland;Insurance;Financial Services;AI-driven financial planning, Predictive risk analysis tools, Decentralized credit scoring;Decentralized credit scoring, Microfinance digital expansion, Predictive risk analysis tools
ORG0000187;Anheuser-Busch InBev;Belgium;Beverage Industry;Food & Beverage;Flexible Payment Terms, Sustainable Growth, Stable Cash Flow;High Profit Margins, Sustainable Growth, Low Production Costs
ORG0000188;Coca-Cola Company;United States;Beverage Industry;Food & Beverage;Tax Incentives, Stable Cash Flow, Sustainable Growth;Stable Cash Flow, Sustainable Growth, High Profit Margins
ORG0000189;Heineken N.V.;Netherlands;Beverage Industry;Food & Beverage;Sustainable Growth, Low Production Costs, High Profit Margins;Flexible Payment Terms, Sustainable Growth, High Profit Margins
ORG0000190;PepsiCo;United States;Beverage Industry;Food & Beverage;Tax Incentives, Stable Cash Flow, High Profit Margins;Sustainable Growth, High Profit Margins, Tax Incentives
ORG0000191;Archer Daniels Midland Company;United States;Food Processing;Food & Beverage;Flexible Payment Terms, Stable Cash Flow, Tax Incentives;Stable Cash Flow, Low Production Costs, Flexible Payment Terms
ORG0000192;Cargill;United States;Food Processing;Food & Beverage;Tax Incentives, Sustainable Growth, Flexible Payment Terms;Low Production Costs, Tax Incentives, Flexible Payment Terms
ORG0000193;JBS S.A.;Brazil;Food Processing;Food & Beverage;Flexible Payment Terms, Stable Cash Flow, High Profit Margins;Sustainable Growth, Flexible Payment Terms, Tax Incentives
ORG0000194;Tyson Foods;United States;Food Processing;Food & Beverage;Stable Cash Flow, Low Production Costs, High Profit Margins;Stable Cash Flow, High Profit Margins, Low Production Costs
ORG0000195;Conagra Brands;United States;Packaged Foods;Food & Beverage;Sustainable Growth, High Profit Margins, Stable Cash Flow;Sustainable Growth, Flexible Payment Terms, Low Production Costs
ORG0000196;General Mills;United States;Packaged Foods;Food & Beverage;Low Production Costs, Sustainable Growth, Flexible Payment Terms;Stable Cash Flow, Low Production Costs, Sustainable Growth
ORG0000197;Kraft Heinz Company;United States;Packaged Foods;Food & Beverage;Stable Cash Flow, Low Production Costs, Flexible Payment Terms;Low Production Costs, Tax Incentives, High Profit Margins
ORG0000198;Nestlé;Switzerland;Packaged Foods;Food & Beverage;High Profit Margins, Low Production Costs, Tax Incentives;Tax Incentives, Stable Cash Flow, High Profit Margins
ORG0000199;McDonald's Corporation;United States;Restaurant Chains;Food & Beverage;Flexible Payment Terms, Tax Incentives, Low Production Costs;High Profit Margins, Stable Cash Flow, Low Production Costs
ORG0000200;Restaurant Brands International;Canada;Restaurant Chains;Food & Beverage;Low Production Costs, Sustainable Growth, Flexible Payment Terms;Sustainable Growth, Flexible Payment Terms, Tax Incentives
ORG0000201;Starbucks Corporation;United States;Restaurant Chains;Food & Beverage;Flexible Payment Terms, Stable Cash Flow, Sustainable Growth;Flexible Payment Terms, Low Production Costs, Tax Incentives
ORG0000202;Yum! Brands;United States;Restaurant Chains;Food & Beverage;High Profit Margins, Stable Cash Flow, Flexible Payment Terms;Flexible Payment Terms, Stable Cash Flow, High Profit Margins
ORG0000203;Cleveland Clinic;United States;Hospitals & Clinics;Healthcare;Genome sequencing expansion, Affordable specialty treatments, Wearable health monitoring;Personalized medicine programs, Home-based chronic care models, Genome sequencing expansion
ORG0000204;HCA Healthcare;United States;Hospitals & Clinics;Healthcare;AI-assisted mental health care, Wearable health monitoring, Personalized medicine programs;AI-assisted mental health care, Wearable health monitoring, Affordable specialty treatments
ORG0000205;Mayo Clinic;United States;Hospitals & Clinics;Healthcare;Personalized medicine programs, AI-assisted mental health care, Wearable health monitoring;Affordable specialty treatments, Genome sequencing expansion, Home-based chronic care models
ORG0000206;UnitedHealth Group;United States;Hospitals & Clinics;Healthcare;Personalized medicine programs, Affordable specialty treatments, Wearable health monitoring;AI-assisted mental health care, Home-based chronic care models, Wearable health monitoring
ORG0000207;AstraZeneca;United Kingdom;Pharmaceuticals;Healthcare;Wearable health monitoring, AI-assisted mental health care, Affordable specialty treatments;Affordable specialty treatments, Home-based chronic care models, Genome sequencing expansion
ORG0000208;Johnson & Johnson;United States;Pharmaceuticals;Healthcare;AI-assisted mental health care, Genome sequencing expansion, Wearable health monitoring;Genome sequencing expansion, Wearable health monitoring, Home-based chronic care models
ORG0000209;Pfizer;United States;Pharmaceuticals;Healthcare;Personalized medicine programs, Home-based chronic care models, Genome sequencing expansion;Personalized medicine programs, Home-based chronic care models, AI-assisted mental health care
ORG0000210;Roche;Switzerland;Pharmaceuticals;Healthcare;Genome sequencing expansion, AI-assisted mental health care, Personalized medicine programs;Wearable health monitoring, Genome sequencing expansion, Personalized medicine programs
ORG0000211;Medtronic;Ireland;Medical Devices;Healthcare;Genome sequencing expansion, Home-based chronic care models, Wearable health monitoring;Home-based chronic care models, Personalized medicine programs, Affordable specialty treatments
ORG0000212;Siemens Healthineers;Germany;Medical Devices;Healthcare;Affordable specialty treatments, Genome sequencing expansion, Home-based chronic care models;Personalized medicine programs, AI-assisted mental health care, Wearable health monitoring
ORG0000213;Stryker Corporation;United States;Medical Devices;Healthcare;AI-assisted mental health care, Personalized medicine programs, Genome sequencing expansion;Wearable health monitoring, AI-assisted mental health care, Home-based chronic care models
ORG0000214;Zimmer Biomet;United States;Medical Devices;Healthcare;Genome sequencing expansion, Affordable specialty treatments, Personalized medicine programs;Personalized medicine programs, Affordable specialty treatments, AI-assisted mental health care
ORG0000215;Epic Systems;United States;HealthTech;Healthcare;Personalized medicine programs, AI-assisted mental health care, Wearable health monitoring;Home-based chronic care models, Wearable health monitoring, Personalized medicine programs
ORG0000216;Philips Healthcare;Netherlands;HealthTech;Healthcare;AI-assisted mental health care, Genome sequencing expansion, Affordable specialty treatments;Genome sequencing expansion, Home-based chronic care models, AI-assisted mental health care
ORG0000217;Teladoc Health;United States;HealthTech;Healthcare;Genome sequencing expansion, Affordable specialty treatments, AI-assisted mental health care;Home-based chronic care models, Personalized medicine programs, Affordable specialty treatments
ORG0000218;Zocdoc;United States;HealthTech;Healthcare;Affordable specialty treatments, Wearable health monitoring, Home-based chronic care models;Personalized medicine programs, Home-based chronic care models, AI-assisted mental health care
ORG0000219;Hilton Hotels & Resorts;United States;Hotels & Resorts;Hospitality;Seamless travel experiences, Luxury eco-lodges funding, AI concierge services;Seamless travel experiences, AI concierge services, Blockchain-based booking security
ORG0000220;Hyatt Hotels Corporation;United States;Hotels & Resorts;Hospitality;Seamless travel experiences, Luxury eco-lodges funding, Wellness tourism incentives;Luxury eco-lodges funding, Wellness tourism incentives, AI concierge services
ORG0000221;Marriott International;United States;Hotels & Resorts;Hospitality;Blockchain-based booking security, AI concierge services, Seamless travel experiences;Wellness tourism incentives, Luxury eco-lodges funding, AI concierge services
ORG0000222;Shangri-La Hotels and Resorts;Hong Kong;Hotels & Resorts;Hospitality;Luxury eco-lodges funding, Wellness tourism incentives, Seamless travel experiences;Seamless travel experiences, Zero-waste event planning, AI concierge services
ORG0000223;American Airlines;United States;Airlines;Hospitality;AI concierge services, Seamless travel experiences, Blockchain-based booking security;Blockchain-based booking security, AI concierge services, Luxury eco-lodges funding
ORG0000224;Delta Air Lines;United States;Airlines;Hospitality;Luxury eco-lodges funding, Wellness tourism incentives, Zero-waste event planning;Wellness tourism incentives, Seamless travel experiences, AI concierge services
ORG0000225;Emirates;United Arab Emirates;Airlines;Hospitality;Wellness tourism incentives, AI concierge services, Zero-waste event planning;AI concierge services, Wellness tourism incentives, Zero-waste event planning
ORG0000226;Singapore Airlines;Singapore;Airlines;Hospitality;Wellness tourism incentives, Seamless travel experiences, AI concierge services;Blockchain-based booking security, Wellness tourism incentives, Seamless travel experiences
ORG0000227;Carnival Corporation;United States;Cruise Lines;Hospitality;Luxury eco-lodges funding, Seamless travel experiences, Blockchain-based booking security;Luxury eco-lodges funding, Wellness tourism incentives, Blockchain-based booking security
ORG0000228;MSC Cruises;Switzerland;Cruise Lines;Hospitality;Wellness tourism incentives, Zero-waste event planning, Seamless travel experiences;AI concierge services, Blockchain-based booking security, Seamless travel experiences
ORG0000229;Norwegian Cruise Line;United States;Cruise Lines;Hospitality;AI concierge services, Zero-waste event planning, Wellness tourism incentives;Blockchain-based booking security, AI concierge services, Wellness tourism incentives
ORG0000230;Royal Caribbean International;United States;Cruise Lines;Hospitality;Luxury eco-lodges funding, Wellness tourism incentives, Seamless travel experiences;Luxury eco-lodges funding, Blockchain-based booking security, Seamless travel experiences
ORG0000231;Booking Holdings;United States;Travel Agencies;Hospitality;Zero-waste event planning, Seamless travel experiences, Blockchain-based booking security;Wellness tourism incentives, Zero-waste event planning, Luxury eco-lodges funding
ORG0000232;Expedia Group;United States;Travel Agencies;Hospitality;Seamless travel experiences, AI concierge services, Wellness tourism incentives;Wellness tourism incentives, Blockchain-based booking security, AI concierge services
ORG0000233;Trip.com Group;China;Travel Agencies;Hospitality;AI concierge services, Luxury eco-lodges funding, Blockchain-based booking security;Blockchain-based booking security, Zero-waste event planning, Wellness tourism incentives
ORG0000234;TUI Group;Germany;Travel Agencies;Hospitality;AI concierge services, Wellness tourism incentives, Blockchain-based booking security;Luxury eco-lodges funding, Blockchain-based booking security, Seamless travel experiences
ORG0000235;Amazon Web Services (AWS);United States;Cloud Computing;Information Technology;AI-powered automation tools, Decentralized data ownership, Ethical AI funding;Next-gen cybersecurity models, Ethical AI funding, Quantum networking research
ORG0000236;Google Cloud;United States;Cloud Computing;Information Technology;Augmented workforce systems, Quantum networking research, Ethical AI funding;Quantum networking research, Next-gen cybersecurity models, AI-powered automation tools
ORG0000237;IBM Cloud;United States;Cloud Computing;Information Technology;Decentralized data ownership, Quantum networking research, AI-powered automation tools;Next-gen cybersecurity models, Decentralized data ownership, AI-powered automation tools
ORG0000238;Microsoft Azure;United States;Cloud Computing;Information Technology;AI-powered automation tools, Next-gen cybersecurity models, Quantum networking research;Quantum networking research, Next-gen cybersecurity models, AI-powered automation tools
ORG0000239;CrowdStrike;United States;Cybersecurity;Information Technology;AI-powered automation tools, Next-gen cybersecurity models, Quantum networking research;Next-gen cybersecurity models, AI-powered automation tools, Augmented workforce systems
ORG0000240;Darktrace;United Kingdom;Cybersecurity;Information Technology;Quantum networking research, Ethical AI funding, AI-powered automation tools;Ethical AI funding, AI-powered automation tools, Next-gen cybersecurity models
ORG0000241;Palo Alto Networks;United States;Cybersecurity;Information Technology;Next-gen cybersecurity models, Decentralized data ownership, Augmented workforce systems;Augmented workforce systems, AI-powered automation tools, Quantum networking research
ORG0000242;Symantec Corporation;United States;Cybersecurity;Information Technology;Quantum networking research, Next-gen cybersecurity models, Decentralized data ownership;Ethical AI funding, Next-gen cybersecurity models, Quantum networking research
ORG0000243;Alphabet Inc.;United States;Artificial Intelligence;Information Technology;Augmented workforce systems, Decentralized data ownership, Next-gen cybersecurity models;Next-gen cybersecurity models, Decentralized data ownership, AI-powered automation tools
ORG0000244;IBM Corporation;United States;Artificial Intelligence;Information Technology;Next-gen cybersecurity models, Augmented workforce systems, Decentralized data ownership;AI-powered automation tools, Next-gen cybersecurity models, Augmented workforce systems
ORG0000245;Microsoft Corporation;United States;Artificial Intelligence;Information Technology;Quantum networking research, Augmented workforce systems, AI-powered automation tools;Quantum networking research, Augmented workforce systems, AI-powered automation tools
ORG0000246;NVIDIA Corporation;United States;Artificial Intelligence;Information Technology;Decentralized data ownership, AI-powered automation tools, Ethical AI funding;AI-powered automation tools, Ethical AI funding, Augmented workforce systems
ORG0000247;Adobe Inc.;United States;Software & IT Services;Information Technology;Quantum networking research, AI-powered automation tools, Ethical AI funding;Ethical AI funding, AI-powered automation tools, Next-gen cybersecurity models
ORG0000248;Oracle Corporation;United States;Software & IT Services;Information Technology;Next-gen cybersecurity models, Decentralized data ownership, AI-powered automation tools;Quantum networking research, Next-gen cybersecurity models, AI-powered automation tools
ORG0000249;Salesforce Inc.;United States;Software & IT Services;Information Technology;Augmented workforce systems, Ethical AI funding, Quantum networking research;Ethical AI funding, Quantum networking research, Next-gen cybersecurity models
ORG0000250;SAP SE;Germany;Software & IT Services;Information Technology;AI-powered automation tools, Next-gen cybersecurity models, Decentralized data ownership;Next-gen cybersecurity models, Decentralized data ownership, AI-powered automation tools
ORG0000251;Aetna Inc.;United States;Health Insurance;Insurance;On-demand micro-insurance, Blockchain-based claims processing, Real-time risk prediction;Real-time risk prediction, On-demand micro-insurance, Cyber attack response funds
ORG0000252;Anthem, Inc.;United States;Health Insurance;Insurance;Cyber attack response funds, Real-time risk prediction, Blockchain-based claims processing;Cyber attack response funds, Climate disaster coverage models, Real-time risk prediction
ORG0000253;Cigna Corporation;United States;Health Insurance;Insurance;On-demand micro-insurance, Usage-based premium adjustments, Blockchain-based claims processing;On-demand micro-insurance, Blockchain-based claims processing, Real-time risk prediction
ORG0000254;Humana Inc.;United States;Health Insurance;Insurance;Blockchain-based claims processing, Usage-based premium adjustments, Climate disaster coverage models;Usage-based premium adjustments, Climate disaster coverage models, Real-time risk prediction
ORG0000255;MetLife, Inc.;United States;Life Insurance;Insurance;Cyber attack response funds, On-demand micro-insurance, Climate disaster coverage models;On-demand micro-insurance, Blockchain-based claims processing, Real-time risk prediction
ORG0000256;New York Life Insurance Company;United States;Life Insurance;Insurance;Usage-based premium adjustments, On-demand micro-insurance, Cyber attack response funds;Cyber attack response funds, On-demand micro-insurance, Usage-based premium adjustments
ORG0000257;Northwestern Mutual;United States;Life Insurance;Insurance;Real-time risk prediction, Climate disaster coverage models, Blockchain-based claims processing;Cyber attack response funds, On-demand micro-insurance, Climate disaster coverage models
ORG0000258;Prudential Financial, Inc.;United States;Life Insurance;Insurance;Climate disaster coverage models, Usage-based premium adjustments, Cyber attack response funds;On-demand micro-insurance, Real-time risk prediction, Usage-based premium adjustments
ORG0000259;Allstate Corporation;United States;Property & Casualty;Insurance;Blockchain-based claims processing, Real-time risk prediction, Cyber attack response funds;On-demand micro-insurance, Cyber attack response funds, Blockchain-based claims processing
ORG0000260;Liberty Mutual Group;United States;Property & Casualty;Insurance;Usage-based premium adjustments, Climate disaster coverage models, Cyber attack response funds;Usage-based premium adjustments, On-demand micro-insurance, Real-time risk prediction
ORG0000261;State Farm Mutual Automobile Insurance Company;United States;Property & Casualty;Insurance;On-demand micro-insurance, Blockchain-based claims processing, Climate disaster coverage models;On-demand micro-insurance, Cyber attack response funds, Climate disaster coverage models
ORG0000262;The Travelers Companies, Inc.;United States;Property & Casualty;Insurance;On-demand micro-insurance, Usage-based premium adjustments, Cyber attack response funds;Blockchain-based claims processing, Cyber attack response funds, On-demand micro-insurance
ORG0000263;Hannover Re;Germany;Reinsurance;Insurance;Blockchain-based claims processing, On-demand micro-insurance, Cyber attack response funds;Usage-based premium adjustments, Climate disaster coverage models, On-demand micro-insurance
ORG0000264;Munich Re;Germany;Reinsurance;Insurance;Usage-based premium adjustments, Cyber attack response funds, On-demand micro-insurance;Usage-based premium adjustments, Cyber attack response funds, Blockchain-based claims processing
ORG0000265;Swiss Re;Switzerland;Reinsurance;Insurance;Real-time risk prediction, Blockchain-based claims processing, Usage-based premium adjustments;Real-time risk prediction, Usage-based premium adjustments, Climate disaster coverage models
ORG0000266;The Reinsurance Group of America, Incorporated;United States;Reinsurance;Insurance;On-demand micro-insurance, Blockchain-based claims processing, Cyber attack response funds;Blockchain-based claims processing, On-demand micro-insurance, Climate disaster coverage models
ORG0000267;A.P. Moller - Maersk;Denmark;Freight & Logistics;Logistics & Transportation;Autonomous warehouse robotics, Hyper-efficient cargo handling, Crowdsourced transport solutions;AI-driven fleet management, Crowdsourced transport solutions, Autonomous warehouse robotics
ORG0000268;C.H. Robinson;United States;Freight & Logistics;Logistics & Transportation;Predictive supply chain modeling, AI-driven fleet management, Autonomous warehouse robotics;Urban last-mile delivery networks, Autonomous warehouse robotics, AI-driven fleet management
ORG0000269;Deutsche Post DHL Group;Germany;Freight & Logistics;Logistics & Transportation;Autonomous warehouse robotics, AI-driven fleet management, Urban last-mile delivery networks;Autonomous warehouse robotics, Crowdsourced transport solutions, Urban last-mile delivery networks
ORG0000270;Kuehne + Nagel;Switzerland;Freight & Logistics;Logistics & Transportation;Autonomous warehouse robotics, Predictive supply chain modeling, AI-driven fleet management;Crowdsourced transport solutions, Hyper-efficient cargo handling, Urban last-mile delivery networks
ORG0000271;CMA CGM Group;France;Shipping & Maritime;Logistics & Transportation;AI-driven fleet management, Urban last-mile delivery networks, Crowdsourced transport solutions;Crowdsourced transport solutions, Predictive supply chain modeling, Autonomous warehouse robotics
ORG0000272;Hapag-Lloyd;Germany;Shipping & Maritime;Logistics & Transportation;Crowdsourced transport solutions, Hyper-efficient cargo handling, AI-driven fleet management;Predictive supply chain modeling, AI-driven fleet management, Urban last-mile delivery networks
ORG0000273;Mediterranean Shipping Company (MSC);Switzerland;Shipping & Maritime;Logistics & Transportation;AI-driven fleet management, Hyper-efficient cargo handling, Predictive supply chain modeling;AI-driven fleet management, Urban last-mile delivery networks, Predictive supply chain modeling
ORG0000274;Ocean Network Express (ONE);Japan;Shipping & Maritime;Logistics & Transportation;Predictive supply chain modeling, Urban last-mile delivery networks, Autonomous warehouse robotics;Urban last-mile delivery networks, Crowdsourced transport solutions, Autonomous warehouse robotics
ORG0000275;BNSF Railway;United States;Rail Freight;Logistics & Transportation;Autonomous warehouse robotics, AI-driven fleet management, Urban last-mile delivery networks;Crowdsourced transport solutions, Hyper-efficient cargo handling, Urban last-mile delivery networks
ORG0000276;Canadian National Railway;Canada;Rail Freight;Logistics & Transportation;Urban last-mile delivery networks, Autonomous warehouse robotics, Hyper-efficient cargo handling;Crowdsourced transport solutions, Predictive supply chain modeling, Urban last-mile delivery networks
ORG0000277;CSX Transportation;United States;Rail Freight;Logistics & Transportation;Predictive supply chain modeling, Urban last-mile delivery networks, Hyper-efficient cargo handling;Predictive supply chain modeling, AI-driven fleet management, Urban last-mile delivery networks
ORG0000278;Union Pacific Railroad;United States;Rail Freight;Logistics & Transportation;AI-driven fleet management, Autonomous warehouse robotics, Crowdsourced transport solutions;Hyper-efficient cargo handling, AI-driven fleet management, Predictive supply chain modeling
ORG0000279;Cathay Pacific Cargo;Hong Kong;Air Cargo;Logistics & Transportation;Crowdsourced transport solutions, Autonomous warehouse robotics, Predictive supply chain modeling;Predictive supply chain modeling, AI-driven fleet management, Crowdsourced transport solutions
ORG0000280;Emirates SkyCargo;United Arab Emirates;Air Cargo;Logistics & Transportation;Crowdsourced transport solutions, AI-driven fleet management, Urban last-mile delivery networks;Crowdsourced transport solutions, AI-driven fleet management, Hyper-efficient cargo handling
ORG0000281;FedEx Express;United States;Air Cargo;Logistics & Transportation;Urban last-mile delivery networks, Autonomous warehouse robotics, Hyper-efficient cargo handling;Crowdsourced transport solutions, Predictive supply chain modeling, AI-driven fleet management
ORG0000282;UPS Airlines;United States;Air Cargo;Logistics & Transportation;Predictive supply chain modeling, Autonomous warehouse robotics, Crowdsourced transport solutions;Autonomous warehouse robotics, Urban last-mile delivery networks, AI-driven fleet management
ORG0000283;Bosch Rexroth;Germany;Industrial Machinery;Manufacturing;Hyperlocal manufacturing scaling, Carbon-neutral supply chains, Self-healing material research;Smart factory interoperability, Closed-loop recycling systems, Carbon-neutral supply chains
ORG0000284;Caterpillar Inc.;United States;Industrial Machinery;Manufacturing;Closed-loop recycling systems, AI-driven predictive maintenance, Hyperlocal manufacturing scaling;Closed-loop recycling systems, AI-driven predictive maintenance, Self-healing material research
ORG0000285;Deere & Company;United States;Industrial Machinery;Manufacturing;Smart factory interoperability, Self-healing material research, Carbon-neutral supply chains;AI-driven predictive maintenance, Closed-loop recycling systems, Carbon-neutral supply chains
ORG0000286;Komatsu Ltd.;Japan;Industrial Machinery;Manufacturing;Carbon-neutral supply chains, Self-healing material research, Hyperlocal manufacturing scaling;Carbon-neutral supply chains, Self-healing material research, Smart factory interoperability
ORG0000287;Foxconn (Hon Hai Precision Industry Co., Ltd.);Taiwan;Electronics Manufacturing;Manufacturing;Hyperlocal manufacturing scaling, AI-driven predictive maintenance, Carbon-neutral supply chains;Closed-loop recycling systems, Hyperlocal manufacturing scaling, AI-driven predictive maintenance
ORG0000288;Flex Ltd.;Singapore;Electronics Manufacturing;Manufacturing;Smart factory interoperability, Self-healing material research, AI-driven predictive maintenance;Carbon-neutral supply chains, Smart factory interoperability, AI-driven predictive maintenance
ORG0000289;Jabil Inc.;United States;Electronics Manufacturing;Manufacturing;Carbon-neutral supply chains, Self-healing material research, Smart factory interoperability;Hyperlocal manufacturing scaling, AI-driven predictive maintenance, Closed-loop recycling systems
ORG0000290;Pegatron Corporation;Taiwan;Electronics Manufacturing;Manufacturing;AI-driven predictive maintenance, Self-healing material research, Closed-loop recycling systems;Smart factory interoperability, Hyperlocal manufacturing scaling, Self-healing material research
ORG0000291;ABB Ltd.;Switzerland;Factory Automation;Manufacturing;AI-driven predictive maintenance, Carbon-neutral supply chains, Self-healing material research;Self-healing material research, Closed-loop recycling systems, Smart factory interoperability
ORG0000292;Emerson Electric Co.;United States;Factory Automation;Manufacturing;Hyperlocal manufacturing scaling, Smart factory interoperability, Self-healing material research;Smart factory interoperability, Carbon-neutral supply chains, AI-driven predictive maintenance
ORG0000293;Rockwell Automation;United States;Factory Automation;Manufacturing;Smart factory interoperability, Self-healing material research, Closed-loop recycling systems;Closed-loop recycling systems, Carbon-neutral supply chains, Hyperlocal manufacturing scaling
ORG0000294;Siemens AG;Germany;Factory Automation;Manufacturing;Self-healing material research, Closed-loop recycling systems, AI-driven predictive maintenance;Hyperlocal manufacturing scaling, AI-driven predictive maintenance, Carbon-neutral supply chains
ORG0000295;Intel Corporation;United States;Semiconductors;Manufacturing;Closed-loop recycling systems, AI-driven predictive maintenance, Smart factory interoperability;Closed-loop recycling systems, Carbon-neutral supply chains, Smart factory interoperability
ORG0000296;NVIDIA Corporation;United States;Semiconductors;Manufacturing;Closed-loop recycling systems, Self-healing material research, Hyperlocal manufacturing scaling;Self-healing material research, Hyperlocal manufacturing scaling, Carbon-neutral supply chains
ORG0000297;Samsung Electronics Co., Ltd.;South Korea;Semiconductors;Manufacturing;Carbon-neutral supply chains, Smart factory interoperability, AI-driven predictive maintenance;Carbon-neutral supply chains, Self-healing material research, Hyperlocal manufacturing scaling
ORG0000298;Taiwan Semiconductor Manufacturing Company (TSMC);Taiwan;Semiconductors;Manufacturing;Closed-loop recycling systems, AI-driven predictive maintenance, Self-healing material research;Self-healing material research, AI-driven predictive maintenance, Hyperlocal manufacturing scaling
ORG0000299;BuzzFeed;United States;Digital Media;Media & Publishing;Subscription-Based Revenue Growth, Tax Benefits, Flexible Payment Models;Subscription-Based Revenue Growth, Low Content Acquisition Costs, Stable Cash Flow
ORG0000300;HuffPost;United States;Digital Media;Media & Publishing;Flexible Payment Models, Stable Cash Flow, High Advertising Revenue;High Advertising Revenue, Subscription-Based Revenue Growth, Low Content Acquisition Costs
ORG0000301;Vice Media;United States;Digital Media;Media & Publishing;Stable Cash Flow, Tax Benefits, Flexible Payment Models;Low Content Acquisition Costs, Flexible Payment Models, Subscription-Based Revenue Growth
ORG0000302;Vox Media;United States;Digital Media;Media & Publishing;Low Content Acquisition Costs, Tax Benefits, Flexible Payment Models;Flexible Payment Models, Subscription-Based Revenue Growth, Stable Cash Flow
ORG0000303;The New York Times Company;United States;News & Journalism;Media & Publishing;Low Content Acquisition Costs, Stable Cash Flow, Subscription-Based Revenue Growth;Flexible Payment Models, Low Content Acquisition Costs, Stable Cash Flow
ORG0000304;Gannett Company, Inc.;United States;News & Journalism;Media & Publishing;Subscription-Based Revenue Growth, Tax Benefits, Flexible Payment Models;Stable Cash Flow, Tax Benefits, Subscription-Based Revenue Growth
ORG0000305;News Corp;United States;News & Journalism;Media & Publishing;Tax Benefits, Stable Cash Flow, Flexible Payment Models;Stable Cash Flow, Low Content Acquisition Costs, High Advertising Revenue
ORG0000306;Thomson Reuters;Canada;News & Journalism;Media & Publishing;Stable Cash Flow, High Advertising Revenue, Subscription-Based Revenue Growth;Tax Benefits, Flexible Payment Models, Low Content Acquisition Costs
ORG0000307;Penguin Random House;United States;Book Publishing;Media & Publishing;Low Content Acquisition Costs, Subscription-Based Revenue Growth, Tax Benefits;High Advertising Revenue, Subscription-Based Revenue Growth, Low Content Acquisition Costs
ORG0000308;Hachette Livre;France;Book Publishing;Media & Publishing;High Advertising Revenue, Stable Cash Flow, Tax Benefits;Low Content Acquisition Costs, Subscription-Based Revenue Growth, High Advertising Revenue
ORG0000309;HarperCollins;United States;Book Publishing;Media & Publishing;Tax Benefits, Flexible Payment Models, Low Content Acquisition Costs;Subscription-Based Revenue Growth, Flexible Payment Models, Tax Benefits
ORG0000310;Macmillan Publishers;United States;Book Publishing;Media & Publishing;Tax Benefits, Low Content Acquisition Costs, High Advertising Revenue;Flexible Payment Models, Subscription-Based Revenue Growth, Low Content Acquisition Costs
ORG0000311;BBC;United Kingdom;Broadcasting;Media & Publishing;Flexible Payment Models, Stable Cash Flow, High Advertising Revenue;Flexible Payment Models, High Advertising Revenue, Subscription-Based Revenue Growth
ORG0000312;CBS Corporation;United States;Broadcasting;Media & Publishing;High Advertising Revenue, Stable Cash Flow, Tax Benefits;Tax Benefits, Flexible Payment Models, Stable Cash Flow
ORG0000313;NBCUniversal;United States;Broadcasting;Media & Publishing;Low Content Acquisition Costs, Flexible Payment Models, Stable Cash Flow;Stable Cash Flow, Tax Benefits, Subscription-Based Revenue Growth
ORG0000314;Sinclair Broadcast Group;United States;Broadcasting;Media & Publishing;Low Content Acquisition Costs, Stable Cash Flow, High Advertising Revenue;Subscription-Based Revenue Growth, Stable Cash Flow, Flexible Payment Models
ORG0000315;ArcelorMittal;Luxembourg;Steel & Aluminum;Mining & Metals;Long-Term Investment Returns, Low Extraction Costs, High Commodity Prices;Sustainable Profit Margins, Stable Supply Chain, Long-Term Investment Returns
ORG0000316;China Baowu Steel Group;China;Steel & Aluminum;Mining & Metals;High Commodity Prices, Low Extraction Costs, Stable Supply Chain;Sustainable Profit Margins, Favorable Tax Policies, Stable Supply Chain
ORG0000317;Nippon Steel Corporation;Japan;Steel & Aluminum;Mining & Metals;Sustainable Profit Margins, Long-Term Investment Returns, Low Extraction Costs;Long-Term Investment Returns, Stable Supply Chain, Sustainable Profit Margins
ORG0000318;Rio Tinto;United Kingdom;Steel & Aluminum;Mining & Metals;Long-Term Investment Returns, Low Extraction Costs, Favorable Tax Policies;Sustainable Profit Margins, High Commodity Prices, Long-Term Investment Returns
ORG0000319;Barrick Gold Corporation;Canada;Precious Metals;Mining & Metals;Favorable Tax Policies, Long-Term Investment Returns, Sustainable Profit Margins;Long-Term Investment Returns, Stable Supply Chain, Low Extraction Costs
ORG0000320;Newmont Corporation;United States;Precious Metals;Mining & Metals;Sustainable Profit Margins, Favorable Tax Policies, High Commodity Prices;Long-Term Investment Returns, Sustainable Profit Margins, Low Extraction Costs
ORG0000321;AngloGold Ashanti;South Africa;Precious Metals;Mining & Metals;Long-Term Investment Returns, Sustainable Profit Margins, Stable Supply Chain;High Commodity Prices, Stable Supply Chain, Sustainable Profit Margins
ORG0000322;Kinross Gold Corporation;Canada;Precious Metals;Mining & Metals;Long-Term Investment Returns, High Commodity Prices, Stable Supply Chain;Sustainable Profit Margins, Low Extraction Costs, High Commodity Prices
ORG0000323;China Northern Rare Earth Group High-Tech Co., Ltd.;China;Rare Earth Elements;Mining & Metals;Sustainable Profit Margins, Long-Term Investment Returns, Stable Supply Chain;Favorable Tax Policies, Long-Term Investment Returns, High Commodity Prices
ORG0000324;Lynas Rare Earths;Australia;Rare Earth Elements;Mining & Metals;Low Extraction Costs, High Commodity Prices, Long-Term Investment Returns;Sustainable Profit Margins, Stable Supply Chain, High Commodity Prices
ORG0000325;MP Materials Corp.;United States;Rare Earth Elements;Mining & Metals;Sustainable Profit Margins, Stable Supply Chain, Favorable Tax Policies;Sustainable Profit Margins, Low Extraction Costs, High Commodity Prices
ORG0000326;Iluka Resources;Australia;Rare Earth Elements;Mining & Metals;High Commodity Prices, Stable Supply Chain, Favorable Tax Policies;Sustainable Profit Margins, Stable Supply Chain, Favorable Tax Policies
ORG0000327;China Shenhua Energy Company;China;Coal & Minerals;Mining & Metals;Sustainable Profit Margins, Stable Supply Chain, Low Extraction Costs;Favorable Tax Policies, High Commodity Prices, Stable Supply Chain
ORG0000328;Glencore;Switzerland;Coal & Minerals;Mining & Metals;Low Extraction Costs, Sustainable Profit Margins, Long-Term Investment Returns;Long-Term Investment Returns, Favorable Tax Policies, Sustainable Profit Margins
ORG0000329;BHP Group;Australia;Coal & Minerals;Mining & Metals;Long-Term Investment Returns, Stable Supply Chain, Low Extraction Costs;Sustainable Profit Margins, Favorable Tax Policies, High Commodity Prices
ORG0000330;Anglo American plc;United Kingdom;Coal & Minerals;Mining & Metals;High Commodity Prices, Stable Supply Chain, Low Extraction Costs;Long-Term Investment Returns, Low Extraction Costs, Sustainable Profit Margins
ORG0000331;Pfizer Inc.;United States;Biopharmaceuticals;Pharmaceuticals;Favorable Tax Incentives, Sustainable Profit Margins, Low Production Costs;Low Production Costs, Sustainable Profit Margins, Favorable Tax Incentives
ORG0000332;Johnson & Johnson;United States;Biopharmaceuticals;Pharmaceuticals;Low Production Costs, Favorable Tax Incentives, Strong Patent Protection;Low Production Costs, High Drug Pricing Power, Favorable Tax Incentives
ORG0000333;Roche Holding AG;Switzerland;Biopharmaceuticals;Pharmaceuticals;Stable R&D Funding, High Drug Pricing Power, Low Production Costs;Sustainable Profit Margins, High Drug Pricing Power, Low Production Costs
ORG0000334;Novartis AG;Switzerland;Biopharmaceuticals;Pharmaceuticals;Favorable Tax Incentives, Stable R&D Funding, Sustainable Profit Margins;Favorable Tax Incentives, Sustainable Profit Margins, Low Production Costs
ORG0000335;Teva Pharmaceutical Industries Ltd.;Israel;Generic Drugs;Pharmaceuticals;High Drug Pricing Power, Low Production Costs, Sustainable Profit Margins;Strong Patent Protection, Sustainable Profit Margins, Stable R&D Funding
ORG0000336;Sandoz (a Novartis division);Switzerland;Generic Drugs;Pharmaceuticals;Sustainable Profit Margins, Strong Patent Protection, High Drug Pricing Power;Stable R&D Funding, Low Production Costs, Sustainable Profit Margins
ORG0000337;Mylan N.V. (now part of Viatris);United States;Generic Drugs;Pharmaceuticals;High Drug Pricing Power, Sustainable Profit Margins, Favorable Tax Incentives;Strong Patent Protection, Stable R&D Funding, Sustainable Profit Margins
ORG0000338;Sun Pharmaceutical Industries Ltd.;India;Generic Drugs;Pharmaceuticals;Strong Patent Protection, Low Production Costs, Stable R&D Funding;Strong Patent Protection, Low Production Costs, Favorable Tax Incentives
ORG0000339;GlaxoSmithKline plc (GSK);United Kingdom;Vaccines;Pharmaceuticals;Sustainable Profit Margins, Stable R&D Funding, High Drug Pricing Power;High Drug Pricing Power, Sustainable Profit Margins, Low Production Costs
ORG0000340;Sanofi S.A.;France;Vaccines;Pharmaceuticals;Stable R&D Funding, Low Production Costs, Favorable Tax Incentives;Strong Patent Protection, Favorable Tax Incentives, Sustainable Profit Margins
ORG0000341;Merck & Co., Inc.;United States;Vaccines;Pharmaceuticals;Strong Patent Protection, Sustainable Profit Margins, Low Production Costs;High Drug Pricing Power, Favorable Tax Incentives, Sustainable Profit Margins
ORG0000342;Moderna, Inc.;United States;Vaccines;Pharmaceuticals;Stable R&D Funding, Low Production Costs, High Drug Pricing Power;High Drug Pricing Power, Stable R&D Funding, Strong Patent Protection
ORG0000343;Johnson & Johnson;United States;OTC Medicines;Pharmaceuticals;Favorable Tax Incentives, Sustainable Profit Margins, Strong Patent Protection;High Drug Pricing Power, Stable R&D Funding, Sustainable Profit Margins
ORG0000344;Bayer AG;Germany;OTC Medicines;Pharmaceuticals;Sustainable Profit Margins, Strong Patent Protection, High Drug Pricing Power;Favorable Tax Incentives, Low Production Costs, Strong Patent Protection
ORG0000345;Reckitt Benckiser Group plc;United Kingdom;OTC Medicines;Pharmaceuticals;Favorable Tax Incentives, Sustainable Profit Margins, Stable R&D Funding;Favorable Tax Incentives, High Drug Pricing Power, Stable R&D Funding
ORG0000346;Procter & Gamble Co.;United States;OTC Medicines;Pharmaceuticals;Low Production Costs, Favorable Tax Incentives, Strong Patent Protection;Strong Patent Protection, Favorable Tax Incentives, Low Production Costs
ORG0000347;CBRE Group;United States;Commercial Real Estate;Real Estate;Co-living and co-working spaces, Green retrofitting programs, Automated rental pricing models;Community-driven urban design, Fractional property investment, Automated rental pricing models
ORG0000348;Cushman & Wakefield;United States;Commercial Real Estate;Real Estate;Green retrofitting programs, Fractional property investment, Co-living and co-working spaces;Community-driven urban design, Co-living and co-working spaces, Green retrofitting programs
ORG0000349;JLL (Jones Lang LaSalle);United States;Commercial Real Estate;Real Estate;Community-driven urban design, Fractional property investment, Automated rental pricing models;Automated rental pricing models, Green retrofitting programs, Fractional property investment
ORG0000350;Savills;United Kingdom;Commercial Real Estate;Real Estate;Community-driven urban design, Co-living and co-working spaces, Automated rental pricing models;Fractional property investment, Green retrofitting programs, Community-driven urban design
ORG0000351;Coldwell Banker;United States;Residential Real Estate;Real Estate;AI-powered real estate matching, Fractional property investment, Automated rental pricing models;AI-powered real estate matching, Fractional property investment, Automated rental pricing models
ORG0000352;Keller Williams Realty;United States;Residential Real Estate;Real Estate;Green retrofitting programs, Fractional property investment, AI-powered real estate matching;Community-driven urban design, Co-living and co-working spaces, AI-powered real estate matching
ORG0000353;RE/MAX;United States;Residential Real Estate;Real Estate;Community-driven urban design, AI-powered real estate matching, Green retrofitting programs;AI-powered real estate matching, Fractional property investment, Community-driven urban design
ORG0000354;Zillow Group;United States;Residential Real Estate;Real Estate;Co-living and co-working spaces, AI-powered real estate matching, Green retrofitting programs;Fractional property investment, Green retrofitting programs, Community-driven urban design
ORG0000355;Brookfield Asset Management;Canada;Property Development;Real Estate;Green retrofitting programs, Automated rental pricing models, Fractional property investment;Community-driven urban design, Co-living and co-working spaces, Automated rental pricing models
ORG0000356;Country Garden Holdings;China;Property Development;Real Estate;Automated rental pricing models, AI-powered real estate matching, Green retrofitting programs;Co-living and co-working spaces, AI-powered real estate matching, Green retrofitting programs
ORG0000357;Dalian Wanda Group;China;Property Development;Real Estate;Automated rental pricing models, Green retrofitting programs, AI-powered real estate matching;Fractional property investment, Green retrofitting programs, Automated rental pricing models
ORG0000358;Mitsui Fudosan;Japan;Property Development;Real Estate;Fractional property investment, Automated rental pricing models, Green retrofitting programs;Green retrofitting programs, Automated rental pricing models, AI-powered real estate matching
ORG0000359;American Tower Corporation;United States;REITs;Real Estate;Co-living and co-working spaces, Community-driven urban design, Automated rental pricing models;Green retrofitting programs, Community-driven urban design, AI-powered real estate matching
ORG0000360;Equity Residential;United States;REITs;Real Estate;Green retrofitting programs, Co-living and co-working spaces, Fractional property investment;Co-living and co-working spaces, Community-driven urban design, Green retrofitting programs
ORG0000361;Prologis;United States;REITs;Real Estate;Automated rental pricing models, Co-living and co-working spaces, Fractional property investment;Fractional property investment, AI-powered real estate matching, Co-living and co-working spaces
ORG0000362;Simon Property Group;United States;REITs;Real Estate;Automated rental pricing models, Community-driven urban design, Fractional property investment;Community-driven urban design, Fractional property investment, Green retrofitting programs
ORG0000363;Alibaba Group;China;E-commerce;Retail;Dynamic pricing optimization, Subscription-based retail models, Automated checkout experiences;Sustainable resale platforms, Automated checkout experiences, Subscription-based retail models
ORG0000364;Amazon;United States;E-commerce;Retail;Blockchain for supply chain transparency, AI-powered in-store assistants, Dynamic pricing optimization;AI-powered in-store assistants, Sustainable resale platforms, Automated checkout experiences
ORG0000365;eBay;United States;E-commerce;Retail;Dynamic pricing optimization, AI-powered in-store assistants, Blockchain for supply chain transparency;Sustainable resale platforms, AI-powered in-store assistants, Automated checkout experiences
ORG0000366;JD.com;China;E-commerce;Retail;Sustainable resale platforms, Automated checkout experiences, Blockchain for supply chain transparency;Subscription-based retail models, Automated checkout experiences, AI-powered in-store assistants
ORG0000367;Carrefour;France;Supermarkets;Retail;Sustainable resale platforms, Blockchain for supply chain transparency, Subscription-based retail models;Automated checkout experiences, Blockchain for supply chain transparency, AI-powered in-store assistants
ORG0000368;Kroger;United States;Supermarkets;Retail;Subscription-based retail models, Automated checkout experiences, Dynamic pricing optimization;Automated checkout experiences, Blockchain for supply chain transparency, Dynamic pricing optimization
ORG0000369;Tesco;United Kingdom;Supermarkets;Retail;Subscription-based retail models, Dynamic pricing optimization, Sustainable resale platforms;Dynamic pricing optimization, AI-powered in-store assistants, Subscription-based retail models
ORG0000370;Walmart;United States;Supermarkets;Retail;Subscription-based retail models, Blockchain for supply chain transparency, Sustainable resale platforms;Dynamic pricing optimization, AI-powered in-store assistants, Sustainable resale platforms
ORG0000371;Chanel;France;Luxury Retail;Retail;Blockchain for supply chain transparency, AI-powered in-store assistants, Sustainable resale platforms;Sustainable resale platforms, Dynamic pricing optimization, Blockchain for supply chain transparency
ORG0000372;Gucci;Italy;Luxury Retail;Retail;Subscription-based retail models, Blockchain for supply chain transparency, Sustainable resale platforms;AI-powered in-store assistants, Dynamic pricing optimization, Subscription-based retail models
ORG0000373;LVMH;France;Luxury Retail;Retail;Dynamic pricing optimization, Subscription-based retail models, AI-powered in-store assistants;AI-powered in-store assistants, Blockchain for supply chain transparency, Automated checkout experiences
ORG0000374;Prada;Italy;Luxury Retail;Retail;AI-powered in-store assistants, Sustainable resale platforms, Subscription-based retail models;Dynamic pricing optimization, AI-powered in-store assistants, Sustainable resale platforms
ORG0000375;Harrods;United Kingdom;Department Stores;Retail;Automated checkout experiences, Blockchain for supply chain transparency, AI-powered in-store assistants;Subscription-based retail models, Dynamic pricing optimization, AI-powered in-store assistants
ORG0000376;Macy's;United States;Department Stores;Retail;Sustainable resale platforms, AI-powered in-store assistants, Automated checkout experiences;AI-powered in-store assistants, Dynamic pricing optimization, Sustainable resale platforms
ORG0000377;Nordstrom;United States;Department Stores;Retail;Dynamic pricing optimization, Subscription-based retail models, AI-powered in-store assistants;Sustainable resale platforms, Blockchain for supply chain transparency, Automated checkout experiences
ORG0000378;Saks Fifth Avenue;United States;Department Stores;Retail;Dynamic pricing optimization, Automated checkout experiences, Blockchain for supply chain transparency;Blockchain for supply chain transparency, Dynamic pricing optimization, Automated checkout experiences
ORG0000379;Verizon Communications;United States;Mobile Networks;Telecommunications;Smart contract-enabled billing, Quantum-secure communications, Global low-cost internet access;Global low-cost internet access, Smart contract-enabled billing, AI-enhanced network optimization
ORG0000380;AT&T Inc.;United States;Mobile Networks;Telecommunications;Holographic telepresence tech, Quantum-secure communications, AI-enhanced network optimization;Holographic telepresence tech, Decentralized web infrastructure, Quantum-secure communications
ORG0000381;Vodafone Group;United Kingdom;Mobile Networks;Telecommunications;Decentralized web infrastructure, Smart contract-enabled billing, Quantum-secure communications;Smart contract-enabled billing, Holographic telepresence tech, AI-enhanced network optimization
ORG0000382;China Mobile;China;Mobile Networks;Telecommunications;Decentralized web infrastructure, Smart contract-enabled billing, Holographic telepresence tech;Decentralized web infrastructure, AI-enhanced network optimization, Global low-cost internet access
ORG0000383;Comcast Corporation;United States;Broadband Providers;Telecommunications;AI-enhanced network optimization, Holographic telepresence tech, Quantum-secure communications;Decentralized web infrastructure, AI-enhanced network optimization, Global low-cost internet access
ORG0000384;Charter Communications;United States;Broadband Providers;Telecommunications;Smart contract-enabled billing, Decentralized web infrastructure, Holographic telepresence tech;Smart contract-enabled billing, Global low-cost internet access, Decentralized web infrastructure
ORG0000385;Nippon Telegraph and Telephone Corporation (NTT);Japan;Broadband Providers;Telecommunications;Smart contract-enabled billing, Global low-cost internet access, Decentralized web infrastructure;Smart contract-enabled billing, Quantum-secure communications, Decentralized web infrastructure
ORG0000386;BT Group;United Kingdom;Broadband Providers;Telecommunications;Smart contract-enabled billing, Decentralized web infrastructure, AI-enhanced network optimization;Global low-cost internet access, Quantum-secure communications, Holographic telepresence tech
ORG0000387;Huawei Technologies Co., Ltd.;China;5G Infrastructure;Telecommunications;Global low-cost internet access, Holographic telepresence tech, AI-enhanced network optimization;Decentralized web infrastructure, Smart contract-enabled billing, Holographic telepresence tech
ORG0000388;Ericsson;Sweden;5G Infrastructure;Telecommunications;AI-enhanced network optimization, Decentralized web infrastructure, Holographic telepresence tech;Quantum-secure communications, Holographic telepresence tech, AI-enhanced network optimization
ORG0000389;Nokia Corporation;Finland;5G Infrastructure;Telecommunications;Decentralized web infrastructure, Quantum-secure communications, Holographic telepresence tech;Quantum-secure communications, Smart contract-enabled billing, AI-enhanced network optimization
ORG0000390;Qualcomm Incorporated;United States;5G Infrastructure;Telecommunications;AI-enhanced network optimization, Global low-cost internet access, Holographic telepresence tech;Quantum-secure communications, AI-enhanced network optimization, Decentralized web infrastructure
ORG0000391;SpaceX (Starlink);United States;Satellite Internet;Telecommunications;Quantum-secure communications, Decentralized web infrastructure, Smart contract-enabled billing;Decentralized web infrastructure, AI-enhanced network optimization, Smart contract-enabled billing
ORG0000392;OneWeb;United Kingdom;Satellite Internet;Telecommunications;Quantum-secure communications, Holographic telepresence tech, Decentralized web infrastructure;Holographic telepresence tech, Decentralized web infrastructure, AI-enhanced network optimization
ORG0000393;Viasat Inc.;United States;Satellite Internet;Telecommunications;Smart contract-enabled billing, Decentralized web infrastructure, Global low-cost internet access;Holographic telepresence tech, Decentralized web infrastructure, AI-enhanced network optimization
ORG0000394;Amazon (Project Kuiper);United States;Satellite Internet;Telecommunications;Decentralized web infrastructure, Smart contract-enabled billing, Global low-cost internet access;Smart contract-enabled billing, AI-enhanced network optimization, Global low-cost internet access
ORG0000395;Duke Energy;United States;Electric Utilities;Utilities;Self-repairing infrastructure, Smart waste processing tech, Carbon-negative power plants;AI-driven water conservation, Smart waste processing tech, Energy-sharing peer networks
ORG0000396;EDF (Électricité de France);France;Electric Utilities;Utilities;Self-repairing infrastructure, Energy-sharing peer networks, Decentralized energy grids;Decentralized energy grids, Self-repairing infrastructure, Carbon-negative power plants
ORG0000397;Enel;Italy;Electric Utilities;Utilities;Carbon-negative power plants, Energy-sharing peer networks, Decentralized energy grids;Decentralized energy grids, Self-repairing infrastructure, Carbon-negative power plants
ORG0000398;NextEra Energy;United States;Electric Utilities;Utilities;AI-driven water conservation, Self-repairing infrastructure, Energy-sharing peer networks;Decentralized energy grids, Carbon-negative power plants, AI-driven water conservation
ORG0000399;China National Petroleum Corporation (CNPC);China;Natural Gas Utilities;Utilities;Decentralized energy grids, Self-repairing infrastructure, Carbon-negative power plants;Carbon-negative power plants, Energy-sharing peer networks, Smart waste processing tech
ORG0000400;Gazprom;Russia;Natural Gas Utilities;Utilities;AI-driven water conservation, Energy-sharing peer networks, Self-repairing infrastructure;Energy-sharing peer networks, Smart waste processing tech, Carbon-negative power plants
ORG0000401;Sempra Energy;United States;Natural Gas Utilities;Utilities;Carbon-negative power plants, Smart waste processing tech, Self-repairing infrastructure;Decentralized energy grids, AI-driven water conservation, Energy-sharing peer networks
ORG0000402;TC Energy;Canada;Natural Gas Utilities;Utilities;Carbon-negative power plants, Self-repairing infrastructure, Energy-sharing peer networks;AI-driven water conservation, Carbon-negative power plants, Decentralized energy grids
ORG0000403;American Water Works;United States;Water Utilities;Utilities;Smart waste processing tech, Self-repairing infrastructure, Carbon-negative power plants;AI-driven water conservation, Energy-sharing peer networks, Smart waste processing tech
ORG0000404;Severn Trent;United Kingdom;Water Utilities;Utilities;Smart waste processing tech, Carbon-negative power plants, Self-repairing infrastructure;Smart waste processing tech, AI-driven water conservation, Carbon-negative power plants
ORG0000405;Suez;France;Water Utilities;Utilities;Energy-sharing peer networks, Carbon-negative power plants, AI-driven water conservation;AI-driven water conservation, Carbon-negative power plants, Energy-sharing peer networks
ORG0000406;Veolia;France;Water Utilities;Utilities;Self-repairing infrastructure, Energy-sharing peer networks, Carbon-negative power plants;Carbon-negative power plants, Smart waste processing tech, Self-repairing infrastructure
ORG0000407;Republic Services;United States;Waste Management;Utilities;Energy-sharing peer networks, Carbon-negative power plants, AI-driven water conservation;Energy-sharing peer networks, AI-driven water conservation, Smart waste processing tech
ORG0000408;SUEZ Recycling & Recovery;France;Waste Management;Utilities;Smart waste processing tech, Energy-sharing peer networks, AI-driven water conservation;Energy-sharing peer networks, Decentralized energy grids, AI-driven water conservation
ORG0000409;Veolia Environmental Services;France;Waste Management;Utilities;Energy-sharing peer networks, Carbon-negative power plants, Smart waste processing tech;AI-driven water conservation, Smart waste processing tech, Energy-sharing peer networks
ORG0000410;Waste Management, Inc.;United States;Waste Management;Utilities;Self-repairing infrastructure, Decentralized energy grids, Energy-sharing peer networks;Carbon-negative power plants, Energy-sharing peer networks, Smart waste processing tech
